ID,First Name,Last Name,Email,Password,Mobile Number,Status,Role
30309201401390,Ahmed,Kamal,user0@example.com,529c7ce85db8400173f08829148bcd9c1f506fe9246234e40298ae5c44e6d767,0101234500,Active,User
30309201401391,Sara,Ibrahim,user1@example.com,095c42f7d3eaad28cbda78c6d52b25f561994817d1a4d2b7ce5f614096b17ced,0101234501,Active,User
30309201401392,Omar,Hassan,user2@example.com,8384a56738d6183fa762dea17cbf2bd888d0f1dc7d35106c051b4a915bd70754,0101234502,Active,User
30309201401393,Mona,Mahmoud,user3@example.com,a9c9591e6811eced719b863144f0caa7150f699c0d6fffc385381d1e6ff1ac09,0101234503,Active,User
30309201401394,Ali,Adel,user4@example.com,c4dd0d12e912c08631703cc4ed213d788c5e5421e1d4bd8e3d2e399fdbdaf1d2,0101234504,Active,User
30309201401395,Nour,Mostafa,user5@example.com,d7438c4d7c50db25af16b44b684a6514374c8d3e704983231ed30454b85be2d8,0101234505,Active,User
30309201401396,Youssef,Samir,user6@example.com,da4f48c08cc18e8cefb68126d73cf4e52e16933c0cfc9bcd5a69350ce7ded8ec,0101234506,Active,User
30309201401397,Lina,Fathy,user7@example.com,7f6bbadd4663784418aaff35e692e2aceb032048d240cd58085fdcba5aba8d8d,0101234507,Active,User
30309201401398,Hassan,Saad,user8@example.com,075af6eec5c87b5bc5634b3d17861e3a2d81beadd1f2b4e8077fe32e6a911da5,0101234508,Active,User
30309201401399,Aya,Nabil,user9@example.com,acbaa10bd2d8af6bf3b8c4bcd6e4397e49561cb98d283346427a09870db08df6,0101234509,Active,User
